10000000,10000000,6.0,4.0,6.0,10.0,8.0,8.0
10000001,10000001,8.0,5.0,8.0,6.0,8.0,7.0
10000002,10000002,7.0,6.0,8.0,8.0,8.0,8.0
10000003,10000003,6.0,6.0,9.0,6.0,7.0,6.0
10000004,10000004,8.0,6.0,8.0,7.0,8.0,7.0
10000005,10000005,7.0,5.0,7.0,7.0,8.0,7.0
10000006,10000006,8.0,4.0,9.0,8.0,6.0,7.0
10000007,10000007,7.0,4.0,8.0,7.0,5.0,6.0
10000008,10000008,8.0,4.0,11.0,6.0,8.0,7.0
10000009,10000009,4.0,5.0,7.0,6.0,8.0,6.0
10000010,10000010,7.0,3.0,7.0,8.0,8.0,7.0
10000011,10000011,8.0,5.0,8.0,7.0,7.0,8.0
10000012,10000012,8.0,5.0,10.0,7.0,8.0,8.0
10000013,10000013,6.0,5.0,10.0,6.0,8.0,5.0
10000014,10000014,8.0,5.0,7.0,7.0,7.0,7.0
10000015,10000015,8.0,5.0,8.0,7.0,7.0,5.0
10000016,10000016,7.0,6.0,9.0,6.0,6.0,7.0
10000017,10000017,8.0,3.0,8.0,7.0,9.0,7.0
10000018,10000018,5.0,7.0,9.0,7.0,4.0,8.0
10000019,10000019,6.0,6.0,9.0,8.0,7.0,7.0
10000020,10000020,7.0,5.0,8.0,7.0,8.0,8.0
10000021,10000021,6.0,4.0,8.0,6.0,8.0,8.0
10000022,10000022,8.0,5.0,7.0,5.0,8.0,6.0
10000023,10000023,5.0,5.0,7.0,6.0,5.0,7.0
10000024,10000024,6.0,4.0,6.0,7.0,7.0,7.0
10000025,10000025,7.0,5.0,9.0,8.0,7.0,8.0
10000026,10000026,6.0,5.0,8.0,7.0,8.0,7.0
10000027,10000027,8.0,4.0,9.0,7.0,8.0,7.0
10000028,10000028,7.0,6.0,8.0,8.0,8.0,7.0
10000029,10000029,9.0,6.0,10.0,7.0,8.0,6.0
10000030,10000030,7.0,6.0,8.0,7.0,7.0,7.0
10000031,10000031,7.0,5.0,7.0,6.0,9.0,5.0
10000032,10000032,9.0,6.0,9.0,6.0,7.0,8.0
10000033,10000033,9.0,3.0,8.0,7.0,7.0,7.0
10000034,10000034,6.0,7.0,7.0,7.0,6.0,7.0
10000035,10000035,7.0,5.0,6.0,9.0,7.0,7.0
10000036,10000036,8.0,5.0,8.0,9.0,8.0,8.0
10000037,10000037,7.0,5.0,10.0,7.0,7.0,7.0
10000038,10000038,7.0,5.0,6.0,6.0,7.0,8.0
10000039,10000039,7.0,5.0,8.0,9.0,8.0,7.0
10000040,10000040,7.0,5.0,7.0,7.0,7.0,7.0
10000041,10000041,8.0,5.0,8.0,8.0,8.0,6.0
10000042,10000042,4.0,6.0,7.0,7.0,7.0,7.0
10000043,10000043,5.0,5.0,9.0,7.0,6.0,6.0
10000044,10000044,6.0,7.0,8.0,7.0,9.0,7.0
10000045,10000045,7.0,5.0,8.0,5.0,6.0,6.0
10000046,10000046,6.0,6.0,9.0,8.0,7.0,7.0
10000047,10000047,7.0,6.0,8.0,7.0,7.0,4.0
10000048,10000048,7.0,5.0,8.0,7.0,7.0,8.0
10000049,10000049,7.0,3.0,8.0,8.0,8.0,8.0
10000050,10000050,8.0,5.0,8.0,5.0,7.0,7.0
10000051,10000051,7.0,5.0,8.0,5.0,7.0,6.0
10000052,10000052,6.0,5.0,7.0,7.0,8.0,7.0
10000053,10000053,6.0,6.0,7.0,6.0,7.0,6.0
10000054,10000054,8.0,6.0,6.0,8.0,8.0,8.0
10000055,10000055,7.0,5.0,8.0,6.0,6.0,6.0
10000056,10000056,8.0,4.0,8.0,8.0,6.0,8.0
10000057,10000057,8.0,4.0,9.0,7.0,7.0,9.0
10000058,10000058,7.0,6.0,6.0,7.0,9.0,6.0
10000059,10000059,9.0,6.0,9.0,6.0,8.0,8.0
10000060,10000060,6.0,6.0,8.0,8.0,8.0,7.0
10000061,10000061,5.0,4.0,8.0,8.0,9.0,7.0
10000062,10000062,8.0,5.0,10.0,7.0,7.0,8.0
10000063,10000063,6.0,5.0,9.0,8.0,7.0,7.0
10000064,10000064,8.0,3.0,8.0,7.0,8.0,7.0
10000065,10000065,7.0,5.0,9.0,8.0,7.0,8.0
10000066,10000066,5.0,6.0,10.0,7.0,6.0,7.0
10000067,10000067,8.0,4.0,9.0,7.0,8.0,8.0
10000068,10000068,6.0,6.0,9.0,6.0,9.0,6.0
10000069,10000069,8.0,6.0,9.0,9.0,8.0,6.0
10000070,10000070,7.0,6.0,9.0,5.0,9.0,7.0
10000071,10000071,6.0,6.0,7.0,7.0,6.0,7.0
10000072,10000072,7.0,4.0,9.0,7.0,6.0,7.0
10000073,10000073,9.0,5.0,7.0,6.0,6.0,7.0
10000074,10000074,7.0,5.0,9.0,6.0,7.0,7.0
10000075,10000075,8.0,6.0,9.0,8.0,6.0,7.0
10000076,10000076,6.0,4.0,8.0,7.0,7.0,7.0
10000077,10000077,7.0,5.0,8.0,7.0,6.0,6.0
10000078,10000078,7.0,6.0,8.0,7.0,7.0,5.0
10000079,10000079,7.0,5.0,8.0,7.0,8.0,7.0
10000080,10000080,8.0,5.0,9.0,8.0,7.0,8.0
10000081,10000081,8.0,4.0,8.0,8.0,6.0,6.0
10000082,10000082,7.0,5.0,6.0,8.0,6.0,5.0
10000083,10000083,7.0,2.0,9.0,6.0,7.0,5.0
10000084,10000084,7.0,3.0,8.0,8.0,7.0,7.0
10000085,10000085,9.0,5.0,9.0,8.0,6.0,5.0
10000086,10000086,5.0,5.0,7.0,7.0,7.0,8.0
10000087,10000087,7.0,5.0,7.0,8.0,6.0,8.0
10000088,10000088,6.0,4.0,10.0,7.0,8.0,8.0
10000089,10000089,9.0,5.0,11.0,7.0,8.0,8.0
10000090,10000090,8.0,3.0,8.0,8.0,7.0,8.0
10000091,10000091,6.0,5.0,8.0,6.0,7.0,7.0
10000092,10000092,6.0,8.0,8.0,8.0,8.0,7.0
10000093,10000093,7.0,6.0,8.0,7.0,6.0,7.0
10000094,10000094,7.0,5.0,8.0,6.0,8.0,7.0
10000095,10000095,8.0,6.0,9.0,6.0,6.0,6.0
10000096,10000096,8.0,5.0,9.0,7.0,8.0,6.0
10000097,10000097,6.0,4.0,6.0,8.0,7.0,7.0
10000098,10000098,8.0,5.0,8.0,8.0,6.0,9.0
10000099,10000099,7.0,5.0,7.0,5.0,7.0,7.0
10000100,10000000,7.0,3.0,8.0,7.0,8.0,5.0
10000101,10000001,6.0,6.0,7.0,5.0,7.0,7.0
10000102,10000002,8.0,4.0,8.0,6.0,9.0,7.0
10000103,10000003,7.0,4.0,9.0,6.0,7.0,8.0
10000104,10000004,6.0,6.0,8.0,7.0,8.0,7.0
10000105,10000005,6.0,5.0,8.0,8.0,7.0,6.0
10000106,10000006,7.0,4.0,8.0,7.0,7.0,8.0
10000107,10000007,7.0,5.0,7.0,8.0,8.0,8.0
10000108,10000008,5.0,5.0,8.0,8.0,7.0,6.0
10000109,10000009,7.0,5.0,8.0,7.0,7.0,6.0
10000110,10000010,6.0,3.0,8.0,8.0,6.0,6.0
10000111,10000011,7.0,4.0,7.0,8.0,5.0,6.0
10000112,10000012,6.0,6.0,9.0,8.0,8.0,5.0
10000113,10000013,8.0,6.0,8.0,8.0,7.0,6.0
10000114,10000014,9.0,4.0,8.0,8.0,7.0,7.0
10000115,10000015,8.0,5.0,8.0,6.0,8.0,7.0
10000116,10000016,8.0,4.0,8.0,8.0,7.0,7.0
10000117,10000017,6.0,5.0,7.0,6.0,8.0,8.0
10000118,10000018,9.0,3.0,7.0,7.0,7.0,6.0
10000119,10000019,7.0,7.0,9.0,6.0,7.0,6.0
10000120,10000020,7.0,5.0,7.0,7.0,7.0,8.0
10000121,10000021,8.0,6.0,8.0,7.0,8.0,7.0
10000122,10000022,7.0,5.0,8.0,6.0,6.0,6.0
10000123,10000023,6.0,6.0,7.0,8.0,7.0,9.0
10000124,10000024,7.0,5.0,8.0,7.0,6.0,7.0
10000125,10000025,5.0,6.0,8.0,7.0,8.0,8.0
10000126,10000026,8.0,5.0,7.0,7.0,8.0,8.0
10000127,10000027,10.0,4.0,7.0,7.0,7.0,8.0
10000128,10000028,7.0,6.0,7.0,7.0,7.0,8.0
10000129,10000029,7.0,5.0,10.0,6.0,8.0,6.0
10000130,10000030,8.0,4.0,9.0,9.0,5.0,6.0
10000131,10000031,6.0,5.0,7.0,6.0,5.0,6.0
10000132,10000032,6.0,6.0,9.0,8.0,7.0,7.0
10000133,10000033,6.0,8.0,8.0,8.0,8.0,6.0
10000134,10000034,6.0,2.0,9.0,7.0,8.0,7.0
10000135,10000035,5.0,4.0,8.0,7.0,8.0,7.0
10000136,10000036,9.0,4.0,7.0,7.0,8.0,9.0
10000137,10000037,6.0,4.0,9.0,7.0,9.0,8.0
10000138,10000038,8.0,6.0,7.0,7.0,8.0,7.0
10000139,10000039,7.0,5.0,7.0,6.0,8.0,6.0
10000140,10000040,7.0,5.0,6.0,8.0,6.0,9.0
10000141,10000041,4.0,4.0,10.0,8.0,7.0,7.0
10000142,10000042,7.0,5.0,8.0,7.0,5.0,7.0
10000143,10000043,6.0,5.0,9.0,5.0,6.0,6.0
10000144,10000044,7.0,4.0,7.0,8.0,7.0,8.0
10000145,10000045,5.0,6.0,9.0,7.0,7.0,7.0
10000146,10000046,7.0,5.0,10.0,6.0,5.0,8.0
10000147,10000047,7.0,4.0,9.0,7.0,8.0,7.0
10000148,10000048,8.0,6.0,7.0,7.0,6.0,7.0
10000149,10000049,6.0,4.0,8.0,5.0,7.0,8.0
10000150,10000050,6.0,5.0,8.0,6.0,6.0,6.0
10000151,10000051,7.0,5.0,7.0,6.0,9.0,7.0
10000152,10000052,7.0,6.0,6.0,6.0,7.0,9.0
10000153,10000053,8.0,4.0,9.0,7.0,5.0,6.0
10000154,10000054,6.0,5.0,9.0,5.0,6.0,6.0
10000155,10000055,8.0,6.0,8.0,5.0,8.0,8.0
10000156,10000056,7.0,4.0,8.0,6.0,5.0,7.0
10000157,10000057,8.0,5.0,10.0,8.0,7.0,6.0
10000158,10000058,8.0,5.0,8.0,7.0,7.0,6.0
10000159,10000059,7.0,5.0,10.0,7.0,7.0,6.0
10000160,10000060,8.0,5.0,8.0,7.0,6.0,6.0
10000161,10000061,7.0,5.0,9.0,8.0,9.0,6.0
10000162,10000062,9.0,6.0,7.0,8.0,6.0,6.0
10000163,10000063,6.0,6.0,9.0,7.0,7.0,8.0
10000164,10000064,7.0,5.0,8.0,8.0,8.0,4.0
10000165,10000065,8.0,4.0,8.0,8.0,6.0,7.0
10000166,10000066,8.0,4.0,8.0,8.0,6.0,7.0
10000167,10000067,8.0,5.0,8.0,7.0,7.0,6.0
10000168,10000068,8.0,6.0,10.0,7.0,7.0,9.0
10000169,10000069,5.0,4.0,9.0,7.0,6.0,7.0
10000170,10000070,7.0,6.0,6.0,9.0,6.0,7.0
10000171,10000071,6.0,5.0,7.0,7.0,7.0,7.0
10000172,10000072,8.0,3.0,8.0,7.0,8.0,9.0
10000173,10000073,7.0,5.0,8.0,7.0,8.0,7.0
10000174,10000074,7.0,7.0,8.0,8.0,8.0,7.0
10000175,10000075,7.0,5.0,8.0,6.0,6.0,7.0
10000176,10000076,6.0,3.0,8.0,7.0,6.0,8.0
10000177,10000077,6.0,4.0,8.0,8.0,8.0,8.0
10000178,10000078,7.0,4.0,8.0,6.0,7.0,6.0
10000179,10000079,7.0,5.0,9.0,5.0,7.0,8.0
10000180,10000080,8.0,3.0,8.0,8.0,6.0,8.0
10000181,10000081,7.0,4.0,7.0,9.0,9.0,9.0
10000182,10000082,9.0,5.0,6.0,8.0,5.0,7.0
10000183,10000083,7.0,4.0,7.0,7.0,6.0,6.0
10000184,10000084,7.0,5.0,8.0,7.0,5.0,6.0
10000185,10000085,7.0,5.0,8.0,7.0,5.0,6.0
10000186,10000086,7.0,6.0,7.0,9.0,6.0,8.0
10000187,10000087,7.0,5.0,8.0,6.0,8.0,6.0
10000188,10000088,7.0,4.0,9.0,6.0,7.0,9.0
10000189,10000089,5.0,5.0,6.0,6.0,5.0,8.0
10000190,10000090,7.0,5.0,7.0,6.0,8.0,8.0
10000191,10000091,6.0,6.0,7.0,8.0,8.0,7.0
10000192,10000092,8.0,3.0,9.0,7.0,7.0,7.0
10000193,10000093,7.0,5.0,8.0,6.0,7.0,5.0
10000194,10000094,6.0,5.0,7.0,6.0,7.0,7.0
10000195,10000095,8.0,3.0,7.0,7.0,7.0,8.0
10000196,10000096,7.0,6.0,8.0,6.0,5.0,7.0
10000197,10000097,6.0,4.0,9.0,7.0,6.0,8.0
10000198,10000098,6.0,4.0,9.0,7.0,6.0,6.0
10000199,10000099,8.0,5.0,9.0,8.0,9.0,8.0
10000200,10000000,8.0,4.0,9.0,8.0,5.0,7.0
10000201,10000001,9.0,3.0,8.0,7.0,8.0,9.0
10000202,10000002,7.0,5.0,7.0,5.0,7.0,8.0
10000203,10000003,7.0,5.0,10.0,7.0,8.0,6.0
10000204,10000004,7.0,6.0,10.0,6.0,6.0,7.0
10000205,10000005,8.0,6.0,7.0,7.0,4.0,7.0
10000206,10000006,6.0,5.0,9.0,6.0,7.0,6.0
10000207,10000007,6.0,5.0,8.0,7.0,6.0,7.0
10000208,10000008,7.0,4.0,8.0,5.0,8.0,5.0
10000209,10000009,6.0,5.0,8.0,7.0,7.0,7.0
10000210,10000010,8.0,6.0,10.0,7.0,8.0,7.0
10000211,10000011,6.0,6.0,9.0,8.0,6.0,8.0
10000212,10000012,8.0,4.0,7.0,8.0,8.0,9.0
10000213,10000013,6.0,4.0,9.0,6.0,8.0,7.0
10000214,10000014,6.0,3.0,9.0,4.0,7.0,8.0
10000215,10000015,6.0,5.0,8.0,6.0,7.0,7.0
10000216,10000016,7.0,6.0,7.0,8.0,8.0,8.0
10000217,10000017,9.0,4.0,9.0,7.0,5.0,8.0
10000218,10000018,6.0,5.0,5.0,7.0,6.0,7.0
10000219,10000019,7.0,4.0,8.0,7.0,6.0,6.0
10000220,10000020,8.0,5.0,8.0,7.0,6.0,8.0
10000221,10000021,6.0,6.0,7.0,7.0,6.0,8.0
10000222,10000022,8.0,4.0,8.0,7.0,6.0,7.0
10000223,10000023,7.0,3.0,8.0,9.0,7.0,7.0
10000224,10000024,8.0,2.0,8.0,8.0,7.0,7.0
10000225,10000025,7.0,5.0,8.0,9.0,6.0,5.0
10000226,10000026,7.0,6.0,8.0,10.0,7.0,7.0
10000227,10000027,7.0,6.0,7.0,8.0,6.0,7.0
10000228,10000028,9.0,6.0,9.0,6.0,8.0,6.0
10000229,10000029,7.0,5.0,8.0,7.0,7.0,8.0
10000230,10000030,7.0,5.0,8.0,8.0,7.0,7.0
10000231,10000031,5.0,6.0,9.0,8.0,10.0,9.0
10000232,10000032,8.0,5.0,7.0,7.0,10.0,7.0
10000233,10000033,7.0,5.0,7.0,8.0,9.0,6.0
10000234,10000034,7.0,4.0,9.0,7.0,7.0,8.0
10000235,10000035,7.0,4.0,9.0,7.0,5.0,7.0
10000236,10000036,7.0,3.0,8.0,7.0,8.0,5.0
10000237,10000037,5.0,5.0,9.0,7.0,8.0,6.0
10000238,10000038,7.0,6.0,8.0,6.0,7.0,8.0
10000239,10000039,6.0,6.0,6.0,7.0,6.0,6.0
10000240,10000040,6.0,4.0,8.0,7.0,8.0,6.0
10000241,10000041,7.0,5.0,9.0,8.0,6.0,6.0
10000242,10000042,7.0,5.0,9.0,7.0,7.0,5.0
10000243,10000043,8.0,6.0,6.0,5.0,8.0,6.0
10000244,10000044,8.0,4.0,6.0,7.0,7.0,7.0
10000245,10000045,6.0,4.0,7.0,9.0,7.0,7.0
10000246,10000046,8.0,5.0,8.0,8.0,7.0,6.0
10000247,10000047,8.0,5.0,8.0,8.0,6.0,8.0
10000248,10000048,7.0,7.0,8.0,9.0,6.0,7.0
10000249,10000049,6.0,5.0,7.0,8.0,7.0,8.0
10000250,10000050,7.0,6.0,9.0,9.0,4.0,7.0
10000251,10000051,7.0,2.0,8.0,6.0,6.0,8.0
10000252,10000052,8.0,4.0,6.0,6.0,8.0,8.0
10000253,10000053,6.0,4.0,8.0,7.0,7.0,6.0
10000254,10000054,7.0,4.0,10.0,5.0,5.0,9.0
10000255,10000055,8.0,5.0,8.0,7.0,7.0,6.0
10000256,10000056,6.0,5.0,9.0,8.0,7.0,6.0
10000257,10000057,8.0,5.0,10.0,7.0,8.0,8.0
10000258,10000058,7.0,5.0,9.0,7.0,6.0,7.0
10000259,10000059,6.0,4.0,8.0,8.0,5.0,9.0
10000260,10000060,6.0,5.0,7.0,7.0,8.0,7.0
10000261,10000061,7.0,5.0,8.0,8.0,6.0,7.0
10000262,10000062,7.0,5.0,8.0,6.0,6.0,6.0
10000263,10000063,7.0,6.0,6.0,8.0,8.0,6.0
10000264,10000064,9.0,5.0,7.0,5.0,7.0,8.0
10000265,10000065,5.0,4.0,8.0,6.0,7.0,7.0
10000266,10000066,7.0,6.0,9.0,8.0,9.0,6.0
10000267,10000067,7.0,5.0,9.0,6.0,8.0,8.0
10000268,10000068,6.0,5.0,10.0,7.0,7.0,10.0
10000269,10000069,6.0,6.0,8.0,7.0,7.0,5.0
10000270,10000070,8.0,4.0,7.0,7.0,9.0,8.0
10000271,10000071,8.0,6.0,7.0,6.0,6.0,8.0
10000272,10000072,6.0,5.0,4.0,6.0,7.0,7.0
10000273,10000073,8.0,6.0,9.0,5.0,7.0,5.0
10000274,10000074,6.0,4.0,7.0,5.0,7.0,7.0
10000275,10000075,8.0,7.0,10.0,7.0,7.0,7.0
10000276,10000076,7.0,6.0,7.0,7.0,7.0,7.0
10000277,10000077,7.0,6.0,5.0,5.0,6.0,7.0
10000278,10000078,11.0,4.0,8.0,6.0,7.0,7.0
10000279,10000079,7.0,3.0,8.0,7.0,6.0,6.0
10000280,10000080,8.0,6.0,9.0,7.0,8.0,8.0
10000281,10000081,5.0,5.0,8.0,7.0,7.0,7.0
10000282,10000082,8.0,5.0,8.0,8.0,8.0,6.0
10000283,10000083,8.0,5.0,7.0,6.0,5.0,5.0
10000284,10000084,6.0,5.0,8.0,5.0,8.0,8.0
10000285,10000085,7.0,5.0,9.0,7.0,7.0,7.0
10000286,10000086,7.0,6.0,8.0,7.0,8.0,6.0
10000287,10000087,9.0,6.0,7.0,6.0,7.0,9.0
10000288,10000088,8.0,4.0,10.0,6.0,7.0,6.0
10000289,10000089,7.0,5.0,8.0,6.0,5.0,5.0
10000290,10000090,7.0,5.0,9.0,7.0,8.0,7.0
10000291,10000091,7.0,6.0,8.0,9.0,8.0,7.0
10000292,10000092,7.0,4.0,9.0,7.0,7.0,6.0
10000293,10000093,7.0,5.0,10.0,6.0,8.0,7.0
10000294,10000094,7.0,3.0,6.0,8.0,7.0,5.0
10000295,10000095,6.0,4.0,9.0,6.0,7.0,7.0
10000296,10000096,7.0,5.0,8.0,6.0,7.0,6.0
10000297,10000097,7.0,6.0,7.0,7.0,8.0,9.0
10000298,10000098,7.0,6.0,8.0,7.0,6.0,8.0
10000299,10000099,7.0,5.0,8.0,8.0,7.0,6.0
10000300,10000000,7.0,5.0,7.0,8.0,8.0,8.0
10000301,10000001,7.0,5.0,7.0,6.0,7.0,6.0
10000302,10000002,7.0,6.0,9.0,7.0,8.0,7.0
10000303,10000003,8.0,6.0,8.0,6.0,7.0,7.0
10000304,10000004,9.0,5.0,7.0,7.0,6.0,7.0
10000305,10000005,8.0,5.0,9.0,6.0,6.0,8.0
10000306,10000006,7.0,7.0,8.0,7.0,7.0,6.0
10000307,10000007,8.0,4.0,8.0,8.0,7.0,6.0
10000308,10000008,7.0,3.0,7.0,6.0,6.0,7.0
10000309,10000009,7.0,5.0,8.0,7.0,7.0,6.0
10000310,10000010,6.0,4.0,8.0,7.0,9.0,8.0
10000311,10000011,7.0,6.0,8.0,8.0,9.0,8.0
10000312,10000012,7.0,6.0,9.0,7.0,7.0,8.0
10000313,10000013,7.0,6.0,8.0,6.0,6.0,5.0
10000314,10000014,10.0,6.0,8.0,6.0,8.0,8.0
10000315,10000015,8.0,5.0,8.0,8.0,6.0,7.0
10000316,10000016,7.0,4.0,6.0,8.0,6.0,5.0
10000317,10000017,7.0,5.0,8.0,7.0,6.0,5.0
10000318,10000018,8.0,6.0,8.0,9.0,9.0,7.0
10000319,10000019,8.0,6.0,8.0,7.0,9.0,6.0
10000320,10000020,8.0,5.0,6.0,8.0,6.0,9.0
10000321,10000021,8.0,5.0,8.0,6.0,7.0,6.0
10000322,10000022,7.0,5.0,8.0,8.0,7.0,7.0
10000323,10000023,6.0,5.0,9.0,7.0,7.0,6.0
10000324,10000024,6.0,7.0,9.0,7.0,6.0,9.0
10000325,10000025,8.0,5.0,7.0,6.0,6.0,8.0
10000326,10000026,7.0,4.0,8.0,8.0,8.0,9.0
10000327,10000027,7.0,5.0,7.0,7.0,7.0,6.0
10000328,10000028,6.0,5.0,9.0,7.0,8.0,8.0
10000329,10000029,5.0,5.0,7.0,6.0,7.0,8.0
10000330,10000030,7.0,5.0,8.0,8.0,7.0,5.0
10000331,10000031,7.0,5.0,6.0,7.0,8.0,8.0
10000332,10000032,7.0,5.0,8.0,6.0,8.0,6.0
10000333,10000033,6.0,5.0,9.0,8.0,7.0,7.0
10000334,10000034,7.0,5.0,6.0,5.0,6.0,7.0
10000335,10000035,8.0,7.0,7.0,8.0,7.0,8.0
10000336,10000036,6.0,7.0,8.0,7.0,7.0,7.0
10000337,10000037,7.0,3.0,9.0,8.0,6.0,7.0
10000338,10000038,8.0,4.0,10.0,7.0,7.0,7.0
10000339,10000039,7.0,5.0,6.0,6.0,8.0,8.0
10000340,10000040,7.0,5.0,8.0,6.0,8.0,7.0
10000341,10000041,8.0,4.0,8.0,6.0,8.0,7.0
10000342,10000042,8.0,3.0,8.0,5.0,6.0,7.0
10000343,10000043,7.0,6.0,8.0,8.0,5.0,7.0
10000344,10000044,8.0,5.0,7.0,9.0,7.0,8.0
10000345,10000045,8.0,4.0,10.0,7.0,8.0,7.0
10000346,10000046,9.0,6.0,8.0,7.0,9.0,8.0
10000347,10000047,6.0,5.0,8.0,7.0,6.0,7.0
10000348,10000048,8.0,3.0,9.0,7.0,7.0,6.0
10000349,10000049,9.0,4.0,8.0,7.0,5.0,8.0
10000350,10000050,7.0,5.0,9.0,7.0,6.0,7.0
10000351,10000051,7.0,4.0,9.0,7.0,8.0,5.0
10000352,10000052,8.0,5.0,8.0,6.0,8.0,7.0
10000353,10000053,7.0,4.0,8.0,6.0,6.0,9.0
10000354,10000054,6.0,6.0,8.0,6.0,7.0,5.0
10000355,10000055,5.0,6.0,7.0,7.0,8.0,8.0
10000356,10000056,8.0,5.0,8.0,6.0,6.0,7.0
10000357,10000057,9.0,4.0,7.0,6.0,7.0,7.0
10000358,10000058,7.0,5.0,9.0,8.0,8.0,7.0
10000359,10000059,8.0,6.0,9.0,7.0,8.0,8.0
10000360,10000060,8.0,4.0,8.0,7.0,6.0,7.0
10000361,10000061,7.0,6.0,8.0,7.0,8.0,9.0
10000362,10000062,8.0,4.0,9.0,6.0,7.0,9.0
10000363,10000063,7.0,4.0,8.0,8.0,7.0,7.0
10000364,10000064,8.0,6.0,9.0,9.0,6.0,7.0
10000365,10000065,7.0,5.0,7.0,6.0,6.0,8.0
10000366,10000066,7.0,4.0,8.0,5.0,7.0,7.0
10000367,10000067,7.0,3.0,9.0,8.0,7.0,8.0
10000368,10000068,8.0,5.0,7.0,7.0,8.0,6.0
10000369,10000069,6.0,6.0,8.0,7.0,7.0,6.0
10000370,10000070,8.0,3.0,8.0,8.0,6.0,4.0
10000371,10000071,8.0,4.0,8.0,7.0,7.0,6.0
10000372,10000072,6.0,5.0,9.0,6.0,8.0,8.0
10000373,10000073,6.0,6.0,7.0,7.0,7.0,6.0
10000374,10000074,8.0,5.0,7.0,6.0,7.0,7.0
10000375,10000075,7.0,7.0,8.0,6.0,6.0,8.0
10000376,10000076,6.0,4.0,7.0,8.0,8.0,8.0
10000377,10000077,6.0,7.0,8.0,7.0,7.0,5.0
10000378,10000078,6.0,4.0,10.0,8.0,7.0,7.0
10000379,10000079,7.0,5.0,7.0,9.0,8.0,7.0
10000380,10000080,6.0,5.0,6.0,8.0,5.0,6.0
10000381,10000081,5.0,4.0,9.0,6.0,6.0,7.0
10000382,10000082,7.0,4.0,9.0,8.0,8.0,6.0
10000383,10000083,7.0,6.0,8.0,7.0,7.0,5.0
10000384,10000084,8.0,6.0,7.0,8.0,7.0,8.0
10000385,10000085,6.0,4.0,8.0,8.0,8.0,7.0
10000386,10000086,8.0,5.0,8.0,6.0,8.0,7.0
10000387,10000087,7.0,6.0,8.0,7.0,7.0,7.0
10000388,10000088,7.0,4.0,8.0,8.0,8.0,5.0
10000389,10000089,9.0,5.0,7.0,7.0,8.0,9.0
10000390,10000090,7.0,6.0,9.0,6.0,7.0,8.0
10000391,10000091,8.0,6.0,8.0,7.0,7.0,6.0
10000392,10000092,7.0,6.0,8.0,6.0,6.0,6.0
10000393,10000093,7.0,6.0,9.0,9.0,6.0,5.0
10000394,10000094,7.0,7.0,9.0,7.0,6.0,6.0
10000395,10000095,7.0,5.0,7.0,7.0,8.0,9.0
10000396,10000096,8.0,6.0,7.0,7.0,5.0,7.0
10000397,10000097,6.0,5.0,8.0,8.0,6.0,7.0
10000398,10000098,8.0,7.0,9.0,7.0,7.0,6.0
10000399,10000099,7.0,5.0,8.0,8.0,6.0,6.0
10000400,10000000,8.0,4.0,8.0,5.0,4.0,6.0
10000401,10000001,8.0,5.0,10.0,6.0,7.0,8.0
10000402,10000002,7.0,4.0,7.0,5.0,7.0,8.0
10000403,10000003,7.0,6.0,9.0,7.0,8.0,6.0
10000404,10000004,7.0,5.0,7.0,9.0,5.0,4.0
10000405,10000005,8.0,4.0,8.0,7.0,7.0,8.0
10000406,10000006,7.0,5.0,9.0,6.0,5.0,8.0
10000407,10000007,8.0,5.0,9.0,8.0,7.0,5.0
10000408,10000008,6.0,5.0,8.0,7.0,8.0,5.0
10000409,10000009,8.0,5.0,7.0,7.0,6.0,6.0
10000410,10000010,5.0,5.0,8.0,6.0,7.0,6.0
10000411,10000011,6.0,5.0,7.0,7.0,6.0,7.0
10000412,10000012,7.0,7.0,8.0,8.0,7.0,7.0
10000413,10000013,8.0,3.0,8.0,7.0,7.0,7.0
10000414,10000014,7.0,4.0,9.0,6.0,7.0,8.0
10000415,10000015,5.0,4.0,9.0,7.0,5.0,7.0
10000416,10000016,9.0,3.0,8.0,7.0,5.0,8.0
10000417,10000017,7.0,5.0,8.0,7.0,7.0,8.0
10000418,10000018,8.0,5.0,8.0,8.0,9.0,7.0
10000419,10000019,8.0,4.0,7.0,7.0,7.0,7.0
10000420,10000020,7.0,3.0,8.0,7.0,6.0,7.0
10000421,10000021,8.0,4.0,9.0,7.0,6.0,9.0
10000422,10000022,8.0,5.0,8.0,7.0,7.0,6.0
10000423,10000023,7.0,6.0,6.0,9.0,8.0,7.0
10000424,10000024,9.0,7.0,9.0,7.0,8.0,6.0
10000425,10000025,7.0,4.0,9.0,7.0,7.0,7.0
10000426,10000026,6.0,6.0,8.0,8.0,7.0,7.0
10000427,10000027,8.0,6.0,8.0,7.0,6.0,8.0
10000428,10000028,6.0,7.0,9.0,8.0,8.0,6.0
10000429,10000029,6.0,5.0,10.0,7.0,7.0,7.0
10000430,10000030,7.0,5.0,9.0,7.0,8.0,5.0
10000431,10000031,6.0,7.0,8.0,8.0,8.0,6.0
10000432,10000032,8.0,6.0,9.0,6.0,6.0,8.0
10000433,10000033,7.0,4.0,7.0,7.0,7.0,8.0
10000434,10000034,8.0,4.0,8.0,7.0,7.0,7.0
10000435,10000035,7.0,3.0,9.0,7.0,9.0,8.0
10000436,10000036,7.0,6.0,7.0,6.0,8.0,7.0
10000437,10000037,10.0,5.0,9.0,7.0,8.0,6.0
10000438,10000038,8.0,5.0,9.0,8.0,8.0,7.0
10000439,10000039,6.0,5.0,7.0,7.0,8.0,9.0
10000440,10000040,9.0,4.0,8.0,6.0,6.0,6.0
10000441,10000041,7.0,4.0,9.0,7.0,7.0,7.0
10000442,10000042,9.0,4.0,9.0,8.0,8.0,6.0
10000443,10000043,7.0,4.0,9.0,8.0,7.0,7.0
10000444,10000044,8.0,3.0,9.0,6.0,6.0,7.0
10000445,10000045,8.0,5.0,8.0,7.0,7.0,6.0
10000446,10000046,7.0,5.0,7.0,9.0,7.0,7.0
10000447,10000047,7.0,6.0,7.0,7.0,8.0,8.0
10000448,10000048,8.0,6.0,11.0,7.0,7.0,6.0
10000449,10000049,7.0,4.0,8.0,7.0,9.0,9.0
10000450,10000050,7.0,6.0,7.0,9.0,8.0,7.0
10000451,10000051,6.0,5.0,8.0,7.0,7.0,8.0
10000452,10000052,7.0,4.0,7.0,7.0,7.0,6.0
10000453,10000053,7.0,4.0,7.0,8.0,7.0,6.0
10000454,10000054,7.0,4.0,7.0,8.0,6.0,7.0
10000455,10000055,7.0,3.0,7.0,7.0,6.0,7.0
10000456,10000056,7.0,4.0,9.0,7.0,7.0,8.0
10000457,10000057,8.0,6.0,9.0,6.0,7.0,8.0
10000458,10000058,7.0,6.0,7.0,6.0,7.0,6.0
10000459,10000059,8.0,7.0,6.0,6.0,7.0,6.0
10000460,10000060,9.0,5.0,9.0,6.0,7.0,8.0
10000461,10000061,7.0,4.0,8.0,8.0,8.0,11.0
10000462,10000062,7.0,5.0,7.0,7.0,6.0,7.0
10000463,10000063,7.0,3.0,8.0,7.0,7.0,7.0
10000464,10000064,6.0,5.0,11.0,5.0,8.0,7.0
10000465,10000065,8.0,5.0,6.0,8.0,7.0,7.0
10000466,10000066,7.0,5.0,7.0,8.0,7.0,7.0
10000467,10000067,8.0,5.0,8.0,5.0,8.0,6.0
10000468,10000068,8.0,3.0,9.0,8.0,7.0,8.0
10000469,10000069,9.0,5.0,9.0,6.0,5.0,6.0
10000470,10000070,8.0,6.0,8.0,8.0,7.0,7.0
10000471,10000071,7.0,5.0,8.0,8.0,7.0,8.0
10000472,10000072,6.0,5.0,10.0,6.0,9.0,6.0
10000473,10000073,7.0,5.0,9.0,6.0,7.0,9.0
10000474,10000074,8.0,6.0,8.0,7.0,7.0,5.0
10000475,10000075,7.0,4.0,8.0,7.0,8.0,6.0
10000476,10000076,4.0,4.0,7.0,6.0,8.0,8.0
10000477,10000077,7.0,5.0,9.0,8.0,6.0,7.0
10000478,10000078,8.0,4.0,9.0,5.0,8.0,6.0
10000479,10000079,7.0,3.0,7.0,7.0,7.0,7.0
10000480,10000080,7.0,5.0,9.0,8.0,7.0,6.0
10000481,10000081,7.0,7.0,9.0,6.0,9.0,8.0
10000482,10000082,6.0,5.0,9.0,6.0,8.0,7.0
10000483,10000083,7.0,5.0,8.0,6.0,8.0,7.0
10000484,10000084,8.0,4.0,8.0,8.0,8.0,7.0
10000485,10000085,7.0,4.0,8.0,7.0,7.0,7.0
10000486,10000086,8.0,3.0,8.0,7.0,8.0,6.0
10000487,10000087,6.0,2.0,7.0,8.0,6.0,6.0
10000488,10000088,7.0,5.0,7.0,6.0,7.0,5.0
10000489,10000089,6.0,5.0,9.0,7.0,7.0,8.0
10000490,10000090,8.0,5.0,8.0,7.0,7.0,9.0
10000491,10000091,8.0,5.0,8.0,7.0,7.0,7.0
10000492,10000092,6.0,6.0,9.0,7.0,7.0,8.0
10000493,10000093,6.0,4.0,8.0,7.0,8.0,7.0
10000494,10000094,9.0,7.0,8.0,7.0,9.0,6.0
10000495,10000095,8.0,5.0,9.0,6.0,7.0,6.0
10000496,10000096,6.0,6.0,7.0,7.0,7.0,5.0
10000497,10000097,7.0,5.0,9.0,7.0,7.0,6.0
10000498,10000098,7.0,3.0,8.0,7.0,7.0,6.0
10000499,10000099,7.0,7.0,7.0,7.0,6.0,6.0
10000500,10000000,6.0,5.0,8.0,7.0,8.0,8.0
10000501,10000001,6.0,4.0,6.0,7.0,8.0,5.0
10000502,10000002,8.0,4.0,9.0,9.0,8.0,6.0
10000503,10000003,7.0,4.0,9.0,8.0,7.0,9.0
10000504,10000004,8.0,4.0,8.0,7.0,8.0,8.0
10000505,10000005,7.0,4.0,9.0,9.0,6.0,7.0
10000506,10000006,8.0,5.0,7.0,7.0,7.0,8.0
10000507,10000007,8.0,5.0,9.0,7.0,6.0,8.0
10000508,10000008,7.0,6.0,9.0,7.0,7.0,6.0
10000509,10000009,6.0,7.0,8.0,6.0,6.0,7.0
10000510,10000010,7.0,3.0,10.0,5.0,7.0,7.0
10000511,10000011,7.0,3.0,8.0,9.0,8.0,6.0
10000512,10000012,6.0,5.0,7.0,6.0,7.0,7.0
10000513,10000013,8.0,4.0,9.0,6.0,5.0,7.0
10000514,10000014,7.0,5.0,9.0,7.0,7.0,7.0
10000515,10000015,6.0,8.0,8.0,6.0,7.0,6.0
10000516,10000016,7.0,6.0,7.0,7.0,7.0,7.0
10000517,10000017,7.0,5.0,8.0,7.0,7.0,6.0
10000518,10000018,7.0,5.0,7.0,8.0,8.0,7.0
10000519,10000019,9.0,5.0,8.0,8.0,7.0,6.0
10000520,10000020,8.0,5.0,9.0,6.0,5.0,6.0
10000521,10000021,7.0,4.0,10.0,8.0,8.0,6.0
10000522,10000022,7.0,4.0,8.0,7.0,7.0,9.0
10000523,10000023,7.0,4.0,8.0,7.0,8.0,6.0
10000524,10000024,8.0,7.0,10.0,6.0,6.0,7.0
10000525,10000025,5.0,4.0,8.0,8.0,8.0,9.0
10000526,10000026,7.0,5.0,7.0,6.0,7.0,7.0
10000527,10000027,8.0,4.0,9.0,8.0,5.0,8.0
10000528,10000028,6.0,6.0,8.0,7.0,10.0,5.0
10000529,10000029,8.0,4.0,8.0,8.0,6.0,6.0
10000530,10000030,9.0,6.0,8.0,7.0,7.0,8.0
10000531,10000031,7.0,5.0,7.0,9.0,8.0,6.0
10000532,10000032,6.0,5.0,8.0,6.0,7.0,7.0
10000533,10000033,7.0,3.0,9.0,9.0,9.0,6.0
10000534,10000034,8.0,6.0,9.0,8.0,8.0,6.0
10000535,10000035,8.0,4.0,7.0,6.0,6.0,7.0
10000536,10000036,8.0,5.0,9.0,8.0,8.0,6.0
10000537,10000037,6.0,7.0,8.0,8.0,6.0,8.0
10000538,10000038,7.0,5.0,7.0,6.0,8.0,7.0
10000539,10000039,5.0,5.0,8.0,7.0,6.0,6.0
10000540,10000040,8.0,6.0,9.0,7.0,7.0,7.0
10000541,10000041,8.0,5.0,9.0,7.0,7.0,8.0
10000542,10000042,7.0,7.0,9.0,6.0,6.0,8.0
10000543,10000043,8.0,5.0,9.0,6.0,9.0,4.0
10000544,10000044,7.0,5.0,9.0,7.0,6.0,6.0
10000545,10000045,7.0,6.0,9.0,8.0,7.0,7.0
10000546,10000046,8.0,7.0,7.0,5.0,6.0,6.0
10000547,10000047,5.0,5.0,8.0,7.0,6.0,7.0
10000548,10000048,6.0,6.0,8.0,8.0,7.0,8.0
10000549,10000049,6.0,6.0,8.0,9.0,7.0,7.0
10000550,10000050,6.0,5.0,9.0,9.0,10.0,7.0
10000551,10000051,6.0,5.0,7.0,5.0,7.0,6.0
10000552,10000052,8.0,3.0,7.0,8.0,8.0,6.0
10000553,10000053,6.0,5.0,8.0,6.0,7.0,6.0
10000554,10000054,7.0,4.0,8.0,7.0,7.0,6.0
10000555,10000055,8.0,3.0,9.0,6.0,9.0,6.0
10000556,10000056,8.0,5.0,8.0,8.0,8.0,8.0
10000557,10000057,8.0,5.0,7.0,7.0,6.0,9.0
10000558,10000058,7.0,5.0,6.0,6.0,7.0,6.0
10000559,10000059,8.0,2.0,8.0,6.0,6.0,6.0
10000560,10000060,8.0,6.0,8.0,7.0,8.0,6.0
10000561,10000061,7.0,5.0,8.0,7.0,7.0,5.0
10000562,10000062,6.0,5.0,6.0,7.0,8.0,8.0
10000563,10000063,8.0,6.0,10.0,5.0,7.0,8.0
10000564,10000064,7.0,7.0,8.0,7.0,6.0,8.0
10000565,10000065,7.0,5.0,9.0,7.0,6.0,7.0
10000566,10000066,8.0,7.0,8.0,7.0,6.0,7.0
10000567,10000067,9.0,7.0,7.0,7.0,7.0,7.0
10000568,10000068,7.0,6.0,7.0,8.0,7.0,6.0
10000569,10000069,7.0,5.0,10.0,8.0,7.0,6.0
10000570,10000070,7.0,5.0,10.0,6.0,8.0,6.0
10000571,10000071,7.0,5.0,8.0,7.0,7.0,7.0
10000572,10000072,9.0,4.0,7.0,9.0,7.0,5.0
10000573,10000073,7.0,4.0,9.0,7.0,8.0,5.0
10000574,10000074,9.0,5.0,8.0,8.0,7.0,9.0
10000575,10000075,6.0,4.0,5.0,7.0,7.0,8.0
10000576,10000076,6.0,6.0,7.0,6.0,10.0,7.0
10000577,10000077,7.0,4.0,7.0,8.0,7.0,7.0
10000578,10000078,9.0,5.0,8.0,8.0,7.0,7.0
10000579,10000079,6.0,2.0,8.0,9.0,7.0,7.0
10000580,10000080,8.0,6.0,9.0,8.0,8.0,5.0
10000581,10000081,9.0,5.0,7.0,6.0,8.0,7.0
10000582,10000082,7.0,3.0,8.0,7.0,7.0,5.0
10000583,10000083,7.0,5.0,9.0,5.0,7.0,7.0
10000584,10000084,7.0,4.0,10.0,6.0,5.0,6.0
10000585,10000085,9.0,5.0,10.0,8.0,5.0,8.0
10000586,10000086,9.0,5.0,8.0,8.0,7.0,7.0
10000587,10000087,6.0,5.0,9.0,7.0,6.0,6.0
10000588,10000088,9.0,4.0,8.0,8.0,6.0,7.0
10000589,10000089,8.0,4.0,8.0,8.0,7.0,8.0
10000590,10000090,7.0,6.0,7.0,7.0,7.0,7.0
10000591,10000091,7.0,6.0,8.0,6.0,8.0,6.0
10000592,10000092,7.0,5.0,6.0,6.0,7.0,8.0
10000593,10000093,5.0,4.0,7.0,7.0,6.0,6.0
10000594,10000094,7.0,6.0,8.0,7.0,8.0,8.0
10000595,10000095,6.0,6.0,7.0,6.0,7.0,7.0
10000596,10000096,6.0,4.0,8.0,8.0,7.0,6.0
10000597,10000097,7.0,4.0,8.0,8.0,8.0,7.0
10000598,10000098,7.0,6.0,8.0,6.0,10.0,7.0
10000599,10000099,8.0,5.0,5.0,6.0,8.0,8.0
10000600,10000000,6.0,6.0,8.0,7.0,9.0,8.0
10000601,10000001,5.0,6.0,8.0,8.0,7.0,5.0
10000602,10000002,8.0,5.0,7.0,8.0,8.0,8.0
10000603,10000003,6.0,4.0,8.0,6.0,6.0,7.0
10000604,10000004,7.0,4.0,8.0,7.0,7.0,8.0
10000605,10000005,8.0,5.0,9.0,5.0,7.0,5.0
10000606,10000006,7.0,4.0,7.0,7.0,7.0,7.0
10000607,10000007,7.0,4.0,9.0,5.0,7.0,8.0
10000608,10000008,7.0,5.0,8.0,8.0,6.0,6.0
10000609,10000009,8.0,5.0,9.0,9.0,7.0,6.0
10000610,10000010,5.0,4.0,6.0,7.0,8.0,7.0
10000611,10000011,9.0,5.0,8.0,7.0,7.0,6.0
10000612,10000012,8.0,5.0,6.0,8.0,8.0,6.0
10000613,10000013,9.0,6.0,10.0,7.0,6.0,6.0
10000614,10000014,8.0,5.0,7.0,8.0,6.0,7.0
10000615,10000015,6.0,6.0,8.0,7.0,6.0,7.0
10000616,10000016,8.0,4.0,8.0,8.0,6.0,6.0
10000617,10000017,5.0,4.0,8.0,7.0,8.0,9.0
10000618,10000018,6.0,3.0,9.0,6.0,6.0,7.0
10000619,10000019,8.0,5.0,9.0,7.0,8.0,6.0
10000620,10000020,8.0,4.0,8.0,7.0,7.0,7.0
10000621,10000021,6.0,6.0,8.0,7.0,5.0,9.0
10000622,10000022,7.0,6.0,7.0,7.0,7.0,8.0
10000623,10000023,8.0,4.0,7.0,5.0,8.0,7.0
10000624,10000024,7.0,6.0,9.0,6.0,7.0,7.0
10000625,10000025,8.0,4.0,8.0,9.0,8.0,9.0
10000626,10000026,7.0,6.0,8.0,8.0,6.0,7.0
10000627,10000027,8.0,5.0,6.0,5.0,7.0,6.0
10000628,10000028,7.0,7.0,7.0,8.0,7.0,6.0
10000629,10000029,7.0,4.0,10.0,7.0,8.0,5.0
10000630,10000030,5.0,4.0,9.0,6.0,7.0,8.0
10000631,10000031,7.0,4.0,9.0,7.0,8.0,9.0
10000632,10000032,8.0,6.0,7.0,8.0,5.0,8.0
10000633,10000033,8.0,5.0,7.0,6.0,8.0,7.0
10000634,10000034,6.0,6.0,7.0,7.0,8.0,6.0
10000635,10000035,8.0,4.0,9.0,8.0,7.0,8.0
10000636,10000036,6.0,6.0,7.0,7.0,7.0,7.0
10000637,10000037,6.0,4.0,11.0,6.0,6.0,7.0
10000638,10000038,7.0,6.0,10.0,5.0,9.0,7.0
10000639,10000039,7.0,5.0,7.0,7.0,8.0,8.0
10000640,10000040,7.0,6.0,9.0,7.0,7.0,7.0
10000641,10000041,7.0,5.0,7.0,7.0,8.0,7.0
10000642,10000042,8.0,5.0,8.0,7.0,7.0,8.0
10000643,10000043,8.0,5.0,6.0,9.0,7.0,9.0
10000644,10000044,7.0,4.0,7.0,9.0,9.0,7.0
10000645,10000045,5.0,5.0,7.0,8.0,7.0,6.0
10000646,10000046,7.0,5.0,8.0,7.0,9.0,8.0
10000647,10000047,7.0,5.0,8.0,7.0,7.0,7.0
10000648,10000048,7.0,7.0,9.0,7.0,7.0,6.0
10000649,10000049,7.0,5.0,8.0,7.0,7.0,7.0
10000650,10000050,6.0,4.0,8.0,7.0,6.0,5.0
10000651,10000051,7.0,4.0,9.0,6.0,6.0,7.0
10000652,10000052,8.0,4.0,10.0,5.0,8.0,8.0
10000653,10000053,7.0,5.0,9.0,7.0,6.0,10.0
10000654,10000054,7.0,6.0,8.0,7.0,8.0,6.0
10000655,10000055,8.0,5.0,9.0,6.0,7.0,7.0
10000656,10000056,7.0,6.0,8.0,6.0,7.0,7.0
10000657,10000057,8.0,5.0,9.0,8.0,5.0,7.0
10000658,10000058,8.0,4.0,9.0,8.0,6.0,6.0
10000659,10000059,7.0,4.0,8.0,7.0,7.0,9.0
10000660,10000060,6.0,5.0,9.0,5.0,6.0,8.0
10000661,10000061,7.0,7.0,8.0,7.0,6.0,8.0
10000662,10000062,6.0,4.0,8.0,7.0,5.0,7.0
10000663,10000063,7.0,6.0,7.0,8.0,8.0,6.0
10000664,10000064,7.0,5.0,9.0,7.0,8.0,6.0
10000665,10000065,6.0,6.0,8.0,6.0,7.0,5.0
10000666,10000066,6.0,5.0,8.0,6.0,8.0,8.0
10000667,10000067,7.0,5.0,9.0,6.0,7.0,7.0
10000668,10000068,7.0,6.0,8.0,8.0,7.0,8.0
10000669,10000069,8.0,6.0,8.0,6.0,8.0,7.0
10000670,10000070,8.0,4.0,7.0,8.0,6.0,7.0
10000671,10000071,7.0,3.0,7.0,6.0,7.0,7.0
10000672,10000072,7.0,5.0,8.0,7.0,8.0,8.0
10000673,10000073,8.0,6.0,7.0,7.0,7.0,6.0
10000674,10000074,7.0,5.0,7.0,5.0,7.0,7.0
10000675,10000075,7.0,6.0,7.0,7.0,7.0,7.0
10000676,10000076,7.0,6.0,9.0,7.0,7.0,8.0
10000677,10000077,7.0,5.0,7.0,6.0,6.0,7.0
10000678,10000078,8.0,5.0,9.0,5.0,8.0,7.0
10000679,10000079,7.0,5.0,10.0,8.0,7.0,5.0
10000680,10000080,6.0,4.0,7.0,8.0,7.0,7.0
10000681,10000081,7.0,4.0,8.0,6.0,6.0,8.0
10000682,10000082,7.0,5.0,8.0,7.0,8.0,10.0
10000683,10000083,8.0,5.0,8.0,6.0,7.0,7.0
10000684,10000084,8.0,7.0,9.0,7.0,8.0,8.0
10000685,10000085,8.0,6.0,6.0,6.0,7.0,7.0
10000686,10000086,9.0,6.0,7.0,7.0,7.0,7.0
10000687,10000087,6.0,4.0,8.0,6.0,6.0,7.0
10000688,10000088,7.0,4.0,7.0,9.0,7.0,9.0
10000689,10000089,9.0,4.0,7.0,7.0,6.0,8.0
10000690,10000090,8.0,7.0,9.0,7.0,8.0,6.0
10000691,10000091,8.0,3.0,8.0,5.0,7.0,7.0
10000692,10000092,4.0,5.0,7.0,9.0,8.0,8.0
10000693,10000093,8.0,5.0,9.0,9.0,8.0,6.0
10000694,10000094,6.0,6.0,8.0,8.0,5.0,6.0
10000695,10000095,7.0,5.0,7.0,7.0,8.0,8.0
10000696,10000096,6.0,4.0,9.0,9.0,6.0,6.0
10000697,10000097,8.0,5.0,8.0,8.0,7.0,6.0
10000698,10000098,6.0,4.0,8.0,8.0,9.0,6.0
10000699,10000099,7.0,5.0,8.0,8.0,6.0,6.0
10000700,10000000,6.0,5.0,7.0,7.0,6.0,7.0
10000701,10000001,7.0,4.0,8.0,8.0,7.0,6.0
10000702,10000002,8.0,4.0,7.0,7.0,8.0,6.0
10000703,10000003,7.0,5.0,8.0,8.0,7.0,7.0
10000704,10000004,7.0,5.0,9.0,7.0,7.0,7.0
10000705,10000005,5.0,5.0,11.0,7.0,7.0,7.0
10000706,10000006,8.0,6.0,8.0,6.0,6.0,8.0
10000707,10000007,7.0,6.0,9.0,6.0,6.0,8.0
10000708,10000008,5.0,4.0,9.0,7.0,8.0,7.0
10000709,10000009,7.0,4.0,10.0,8.0,7.0,6.0
10000710,10000010,5.0,7.0,7.0,8.0,8.0,6.0
10000711,10000011,8.0,5.0,9.0,9.0,8.0,7.0
10000712,10000012,9.0,5.0,8.0,5.0,7.0,9.0
10000713,10000013,7.0,5.0,7.0,7.0,6.0,6.0
10000714,10000014,7.0,5.0,6.0,9.0,8.0,7.0
10000715,10000015,6.0,5.0,9.0,6.0,8.0,8.0
10000716,10000016,6.0,4.0,9.0,7.0,7.0,6.0
10000717,10000017,5.0,7.0,8.0,5.0,6.0,8.0
10000718,10000018,5.0,4.0,9.0,7.0,7.0,9.0
10000719,10000019,6.0,6.0,9.0,8.0,9.0,8.0
10000720,10000020,6.0,4.0,8.0,6.0,8.0,7.0
10000721,10000021,8.0,7.0,9.0,8.0,7.0,7.0
10000722,10000022,6.0,5.0,8.0,7.0,7.0,8.0
10000723,10000023,7.0,4.0,9.0,7.0,7.0,8.0
10000724,10000024,6.0,4.0,7.0,9.0,6.0,7.0
10000725,10000025,8.0,4.0,6.0,4.0,8.0,6.0
10000726,10000026,6.0,4.0,7.0,7.0,6.0,8.0
10000727,10000027,7.0,5.0,8.0,6.0,6.0,8.0
10000728,10000028,8.0,6.0,8.0,7.0,7.0,8.0
10000729,10000029,8.0,6.0,9.0,8.0,5.0,7.0
10000730,10000030,7.0,5.0,7.0,8.0,7.0,7.0
10000731,10000031,7.0,6.0,8.0,8.0,7.0,8.0
10000732,10000032,6.0,5.0,8.0,8.0,7.0,8.0
10000733,10000033,8.0,5.0,7.0,7.0,8.0,7.0
10000734,10000034,5.0,5.0,11.0,8.0,7.0,8.0
10000735,10000035,6.0,6.0,8.0,7.0,9.0,7.0
10000736,10000036,7.0,4.0,7.0,7.0,8.0,7.0
10000737,10000037,6.0,5.0,10.0,9.0,7.0,7.0
10000738,10000038,8.0,4.0,8.0,7.0,7.0,9.0
10000739,10000039,6.0,6.0,8.0,6.0,9.0,6.0
10000740,10000040,8.0,5.0,9.0,8.0,7.0,7.0
10000741,10000041,8.0,4.0,10.0,8.0,6.0,6.0
10000742,10000042,8.0,4.0,7.0,8.0,8.0,6.0
10000743,10000043,7.0,4.0,7.0,8.0,9.0,6.0
10000744,10000044,7.0,5.0,6.0,8.0,6.0,9.0
10000745,10000045,7.0,6.0,7.0,8.0,6.0,6.0
10000746,10000046,6.0,5.0,7.0,7.0,9.0,7.0
10000747,10000047,5.0,6.0,8.0,6.0,7.0,9.0
10000748,10000048,7.0,3.0,9.0,9.0,7.0,6.0
10000749,10000049,7.0,4.0,9.0,9.0,9.0,5.0
10000750,10000050,7.0,4.0,8.0,7.0,7.0,6.0
10000751,10000051,8.0,5.0,7.0,6.0,8.0,6.0
10000752,10000052,9.0,6.0,9.0,6.0,6.0,7.0
10000753,10000053,6.0,5.0,8.0,6.0,8.0,7.0
10000754,10000054,7.0,5.0,9.0,7.0,6.0,6.0
10000755,10000055,8.0,6.0,7.0,6.0,7.0,6.0
10000756,10000056,8.0,4.0,8.0,8.0,6.0,5.0
10000757,10000057,8.0,6.0,7.0,8.0,7.0,7.0
10000758,10000058,6.0,4.0,8.0,7.0,7.0,5.0
10000759,10000059,5.0,5.0,8.0,7.0,7.0,5.0
10000760,10000060,7.0,7.0,8.0,9.0,8.0,6.0
10000761,10000061,8.0,3.0,9.0,7.0,7.0,7.0
10000762,10000062,7.0,5.0,8.0,7.0,6.0,7.0
10000763,10000063,8.0,6.0,8.0,5.0,6.0,8.0
10000764,10000064,8.0,5.0,7.0,7.0,6.0,4.0
10000765,10000065,8.0,6.0,11.0,8.0,7.0,7.0
10000766,10000066,5.0,5.0,9.0,5.0,8.0,9.0
10000767,10000067,7.0,4.0,7.0,7.0,8.0,7.0
10000768,10000068,7.0,5.0,8.0,7.0,9.0,7.0
10000769,10000069,7.0,4.0,8.0,7.0,6.0,7.0
10000770,10000070,8.0,4.0,9.0,8.0,6.0,7.0
10000771,10000071,8.0,6.0,8.0,8.0,5.0,7.0
10000772,10000072,7.0,3.0,7.0,7.0,6.0,7.0
10000773,10000073,6.0,5.0,9.0,8.0,7.0,6.0
10000774,10000074,7.0,5.0,8.0,7.0,6.0,8.0
10000775,10000075,6.0,4.0,9.0,6.0,7.0,6.0
10000776,10000076,9.0,5.0,8.0,7.0,9.0,5.0
10000777,10000077,7.0,4.0,9.0,9.0,6.0,6.0
10000778,10000078,6.0,6.0,9.0,7.0,6.0,9.0
10000779,10000079,6.0,6.0,7.0,7.0,7.0,5.0
10000780,10000080,7.0,5.0,8.0,10.0,9.0,7.0
10000781,10000081,7.0,3.0,7.0,7.0,7.0,8.0
10000782,10000082,8.0,5.0,10.0,8.0,6.0,6.0
10000783,10000083,9.0,6.0,8.0,7.0,8.0,10.0
10000784,10000084,7.0,5.0,6.0,7.0,6.0,7.0
10000785,10000085,6.0,4.0,8.0,4.0,8.0,6.0
10000786,10000086,7.0,3.0,7.0,6.0,7.0,8.0
10000787,10000087,7.0,4.0,7.0,7.0,8.0,7.0
10000788,10000088,7.0,7.0,9.0,6.0,7.0,7.0
10000789,10000089,8.0,4.0,6.0,7.0,8.0,7.0
10000790,10000090,6.0,4.0,6.0,9.0,8.0,7.0
10000791,10000091,7.0,5.0,9.0,7.0,7.0,6.0
10000792,10000092,5.0,5.0,6.0,7.0,8.0,10.0
10000793,10000093,8.0,5.0,8.0,8.0,5.0,10.0
10000794,10000094,8.0,5.0,9.0,7.0,8.0,9.0
10000795,10000095,6.0,8.0,7.0,8.0,7.0,6.0
10000796,10000096,8.0,6.0,9.0,6.0,6.0,7.0
10000797,10000097,7.0,5.0,9.0,7.0,6.0,6.0
10000798,10000098,5.0,4.0,10.0,6.0,7.0,6.0
10000799,10000099,6.0,5.0,7.0,7.0,7.0,8.0
10000800,10000000,7.0,6.0,10.0,8.0,7.0,6.0
10000801,10000001,8.0,4.0,8.0,8.0,6.0,7.0
10000802,10000002,6.0,3.0,9.0,9.0,7.0,7.0
10000803,10000003,8.0,4.0,10.0,7.0,9.0,7.0
10000804,10000004,7.0,7.0,7.0,9.0,7.0,8.0
10000805,10000005,8.0,6.0,10.0,7.0,6.0,7.0
10000806,10000006,6.0,4.0,7.0,7.0,9.0,6.0
10000807,10000007,7.0,5.0,8.0,7.0,6.0,7.0
10000808,10000008,8.0,4.0,9.0,6.0,8.0,8.0
10000809,10000009,9.0,7.0,8.0,6.0,7.0,8.0
10000810,10000010,7.0,3.0,8.0,7.0,8.0,6.0
10000811,10000011,8.0,5.0,8.0,8.0,8.0,6.0
10000812,10000012,6.0,5.0,8.0,6.0,8.0,8.0
10000813,10000013,8.0,3.0,8.0,7.0,7.0,7.0
10000814,10000014,8.0,5.0,10.0,7.0,6.0,7.0
10000815,10000015,8.0,6.0,8.0,6.0,8.0,7.0
10000816,10000016,7.0,5.0,9.0,8.0,6.0,8.0
10000817,10000017,6.0,4.0,8.0,6.0,7.0,7.0
10000818,10000018,8.0,7.0,8.0,7.0,7.0,8.0
10000819,10000019,9.0,8.0,8.0,5.0,6.0,7.0
10000820,10000020,6.0,5.0,9.0,8.0,7.0,8.0
10000821,10000021,8.0,4.0,8.0,8.0,7.0,8.0
10000822,10000022,7.0,5.0,9.0,8.0,7.0,6.0
10000823,10000023,8.0,4.0,9.0,6.0,7.0,7.0
10000824,10000024,9.0,4.0,9.0,6.0,7.0,5.0
10000825,10000025,9.0,5.0,7.0,9.0,8.0,6.0
10000826,10000026,4.0,4.0,8.0,8.0,8.0,8.0
10000827,10000027,7.0,5.0,7.0,5.0,4.0,7.0
10000828,10000028,7.0,3.0,7.0,8.0,7.0,7.0
10000829,10000029,9.0,4.0,8.0,7.0,8.0,6.0
10000830,10000030,8.0,5.0,8.0,6.0,6.0,5.0
10000831,10000031,7.0,4.0,8.0,8.0,6.0,7.0
10000832,10000032,7.0,5.0,8.0,6.0,8.0,7.0
10000833,10000033,8.0,4.0,7.0,9.0,7.0,7.0
10000834,10000034,7.0,6.0,8.0,8.0,7.0,9.0
10000835,10000035,7.0,6.0,6.0,7.0,6.0,7.0
10000836,10000036,7.0,5.0,7.0,7.0,7.0,7.0
10000837,10000037,7.0,5.0,7.0,6.0,6.0,7.0
10000838,10000038,7.0,5.0,6.0,5.0,7.0,7.0
10000839,10000039,8.0,4.0,8.0,6.0,7.0,6.0
10000840,10000040,7.0,6.0,9.0,7.0,7.0,7.0
10000841,10000041,9.0,4.0,8.0,7.0,6.0,7.0
10000842,10000042,4.0,5.0,8.0,7.0,5.0,6.0
10000843,10000043,7.0,4.0,9.0,5.0,7.0,5.0
10000844,10000044,7.0,4.0,9.0,8.0,8.0,8.0
10000845,10000045,6.0,3.0,9.0,5.0,8.0,8.0
10000846,10000046,8.0,4.0,9.0,7.0,8.0,6.0
10000847,10000047,5.0,4.0,9.0,8.0,7.0,8.0
10000848,10000048,6.0,4.0,7.0,6.0,9.0,7.0
10000849,10000049,7.0,4.0,9.0,8.0,7.0,7.0
10000850,10000050,6.0,4.0,9.0,7.0,6.0,5.0
10000851,10000051,6.0,4.0,9.0,8.0,6.0,6.0
10000852,10000052,6.0,4.0,8.0,5.0,8.0,7.0
10000853,10000053,6.0,6.0,8.0,6.0,6.0,6.0
10000854,10000054,6.0,4.0,8.0,8.0,7.0,6.0
10000855,10000055,8.0,4.0,8.0,5.0,7.0,7.0
10000856,10000056,6.0,5.0,7.0,8.0,7.0,6.0
10000857,10000057,8.0,6.0,7.0,8.0,6.0,7.0
10000858,10000058,7.0,4.0,7.0,7.0,8.0,8.0
10000859,10000059,8.0,7.0,9.0,7.0,8.0,8.0
10000860,10000060,8.0,6.0,9.0,6.0,7.0,5.0
10000861,10000061,6.0,5.0,7.0,8.0,7.0,5.0
10000862,10000062,9.0,4.0,8.0,6.0,7.0,7.0
10000863,10000063,8.0,5.0,10.0,5.0,7.0,6.0
10000864,10000064,6.0,5.0,7.0,6.0,7.0,7.0
10000865,10000065,7.0,5.0,9.0,6.0,6.0,6.0
10000866,10000066,8.0,5.0,6.0,7.0,9.0,8.0
10000867,10000067,7.0,4.0,8.0,6.0,7.0,8.0
10000868,10000068,9.0,5.0,10.0,6.0,7.0,8.0
10000869,10000069,8.0,5.0,7.0,7.0,4.0,6.0
10000870,10000070,6.0,5.0,8.0,6.0,7.0,8.0
10000871,10000071,6.0,5.0,7.0,6.0,6.0,7.0
10000872,10000072,8.0,5.0,8.0,7.0,6.0,6.0
10000873,10000073,7.0,4.0,7.0,9.0,9.0,7.0
10000874,10000074,7.0,3.0,7.0,9.0,8.0,7.0
10000875,10000075,7.0,7.0,10.0,7.0,7.0,9.0
10000876,10000076,7.0,5.0,6.0,8.0,7.0,9.0
10000877,10000077,9.0,5.0,8.0,8.0,6.0,8.0
10000878,10000078,7.0,5.0,5.0,7.0,8.0,7.0
10000879,10000079,8.0,6.0,6.0,6.0,5.0,7.0
10000880,10000080,8.0,9.0,7.0,8.0,7.0,7.0
10000881,10000081,7.0,3.0,9.0,7.0,8.0,5.0
10000882,10000082,9.0,5.0,8.0,7.0,7.0,8.0
10000883,10000083,6.0,5.0,8.0,8.0,9.0,7.0
10000884,10000084,7.0,4.0,5.0,9.0,7.0,7.0
10000885,10000085,6.0,5.0,7.0,7.0,8.0,8.0
10000886,10000086,7.0,4.0,8.0,5.0,7.0,6.0
10000887,10000087,7.0,4.0,8.0,7.0,5.0,5.0
10000888,10000088,6.0,4.0,7.0,7.0,7.0,7.0
10000889,10000089,7.0,4.0,7.0,5.0,8.0,7.0
10000890,10000090,8.0,5.0,9.0,9.0,7.0,6.0
10000891,10000091,9.0,5.0,8.0,8.0,7.0,7.0
10000892,10000092,9.0,7.0,6.0,6.0,9.0,6.0
10000893,10000093,6.0,5.0,8.0,8.0,6.0,8.0
10000894,10000094,6.0,3.0,7.0,7.0,8.0,7.0
10000895,10000095,6.0,5.0,8.0,9.0,7.0,6.0
10000896,10000096,7.0,5.0,8.0,5.0,7.0,8.0
10000897,10000097,7.0,6.0,8.0,6.0,6.0,6.0
10000898,10000098,6.0,6.0,8.0,8.0,8.0,6.0
10000899,10000099,7.0,6.0,9.0,9.0,6.0,8.0
10000900,10000000,7.0,6.0,8.0,10.0,8.0,8.0
10000901,10000001,8.0,4.0,8.0,8.0,8.0,8.0
10000902,10000002,7.0,4.0,7.0,9.0,7.0,6.0
10000903,10000003,7.0,5.0,8.0,7.0,7.0,6.0
10000904,10000004,8.0,4.0,8.0,5.0,6.0,7.0
10000905,10000005,6.0,5.0,8.0,6.0,6.0,6.0
10000906,10000006,7.0,6.0,8.0,8.0,7.0,7.0
10000907,10000007,8.0,6.0,8.0,8.0,8.0,6.0
10000908,10000008,7.0,4.0,5.0,7.0,8.0,9.0
10000909,10000009,5.0,5.0,7.0,5.0,8.0,7.0
10000910,10000010,7.0,3.0,8.0,7.0,7.0,8.0
10000911,10000011,7.0,3.0,9.0,7.0,6.0,7.0
10000912,10000012,7.0,7.0,9.0,7.0,7.0,7.0
10000913,10000013,6.0,6.0,10.0,6.0,8.0,7.0
10000914,10000014,10.0,3.0,8.0,6.0,7.0,6.0
10000915,10000015,8.0,7.0,8.0,8.0,7.0,6.0
10000916,10000016,6.0,5.0,8.0,7.0,5.0,7.0
10000917,10000017,6.0,5.0,9.0,8.0,7.0,8.0
10000918,10000018,7.0,6.0,8.0,7.0,6.0,6.0
10000919,10000019,6.0,6.0,9.0,6.0,7.0,9.0
10000920,10000020,5.0,6.0,9.0,8.0,7.0,6.0
10000921,10000021,8.0,5.0,8.0,8.0,8.0,9.0
10000922,10000022,6.0,5.0,7.0,7.0,7.0,6.0
10000923,10000023,8.0,5.0,6.0,6.0,7.0,6.0
10000924,10000024,8.0,7.0,9.0,7.0,8.0,7.0
10000925,10000025,9.0,5.0,7.0,6.0,6.0,7.0
10000926,10000026,6.0,4.0,8.0,7.0,7.0,7.0
10000927,10000027,7.0,5.0,8.0,7.0,6.0,8.0
10000928,10000028,6.0,4.0,9.0,8.0,8.0,9.0
10000929,10000029,7.0,4.0,9.0,7.0,8.0,6.0
10000930,10000030,7.0,5.0,8.0,8.0,6.0,8.0
10000931,10000031,8.0,6.0,10.0,7.0,8.0,7.0
10000932,10000032,8.0,6.0,7.0,8.0,8.0,5.0
10000933,10000033,8.0,5.0,7.0,8.0,8.0,7.0
10000934,10000034,6.0,5.0,8.0,6.0,8.0,7.0
10000935,10000035,7.0,4.0,8.0,6.0,8.0,8.0
10000936,10000036,7.0,5.0,9.0,8.0,6.0,7.0
10000937,10000037,7.0,4.0,8.0,7.0,5.0,8.0
10000938,10000038,7.0,4.0,8.0,8.0,7.0,8.0
10000939,10000039,5.0,6.0,6.0,7.0,7.0,8.0
10000940,10000040,6.0,5.0,9.0,8.0,7.0,7.0
10000941,10000041,9.0,6.0,9.0,6.0,8.0,8.0
10000942,10000042,8.0,6.0,7.0,8.0,7.0,8.0
10000943,10000043,7.0,4.0,6.0,10.0,8.0,6.0
10000944,10000044,7.0,5.0,8.0,7.0,7.0,7.0
10000945,10000045,6.0,6.0,7.0,6.0,7.0,7.0
10000946,10000046,6.0,6.0,9.0,6.0,8.0,5.0
10000947,10000047,9.0,3.0,7.0,9.0,7.0,8.0
10000948,10000048,7.0,5.0,9.0,8.0,7.0,5.0
10000949,10000049,7.0,7.0,9.0,7.0,6.0,8.0
10000950,10000050,6.0,6.0,9.0,7.0,5.0,7.0
10000951,10000051,7.0,5.0,8.0,9.0,6.0,7.0
10000952,10000052,8.0,4.0,8.0,8.0,8.0,7.0
10000953,10000053,6.0,6.0,9.0,7.0,6.0,9.0
10000954,10000054,7.0,6.0,8.0,8.0,8.0,8.0
10000955,10000055,4.0,5.0,7.0,8.0,7.0,7.0
10000956,10000056,9.0,4.0,7.0,8.0,8.0,6.0
10000957,10000057,6.0,5.0,9.0,8.0,11.0,8.0
10000958,10000058,7.0,6.0,7.0,5.0,5.0,7.0
10000959,10000059,9.0,4.0,8.0,7.0,8.0,7.0
10000960,10000060,7.0,5.0,7.0,6.0,8.0,9.0
10000961,10000061,8.0,6.0,8.0,7.0,7.0,8.0
10000962,10000062,6.0,5.0,8.0,7.0,7.0,7.0
10000963,10000063,6.0,5.0,7.0,7.0,8.0,8.0
10000964,10000064,8.0,6.0,8.0,10.0,7.0,8.0
10000965,10000065,7.0,5.0,9.0,6.0,7.0,6.0
10000966,10000066,4.0,6.0,8.0,7.0,9.0,5.0
10000967,10000067,8.0,5.0,8.0,7.0,8.0,6.0
10000968,10000068,6.0,5.0,7.0,7.0,7.0,8.0
10000969,10000069,8.0,5.0,8.0,7.0,5.0,7.0
10000970,10000070,6.0,4.0,8.0,8.0,6.0,6.0
10000971,10000071,7.0,6.0,9.0,6.0,6.0,6.0
10000972,10000072,8.0,3.0,9.0,7.0,6.0,7.0
10000973,10000073,5.0,5.0,9.0,7.0,8.0,6.0
10000974,10000074,6.0,5.0,7.0,9.0,9.0,7.0
10000975,10000075,8.0,5.0,8.0,8.0,6.0,6.0
10000976,10000076,7.0,5.0,7.0,8.0,8.0,7.0
10000977,10000077,6.0,4.0,8.0,6.0,6.0,7.0
10000978,10000078,7.0,5.0,8.0,7.0,9.0,7.0
10000979,10000079,9.0,4.0,5.0,9.0,5.0,5.0
10000980,10000080,9.0,7.0,8.0,8.0,7.0,8.0
10000981,10000081,7.0,4.0,8.0,7.0,7.0,7.0
10000982,10000082,6.0,5.0,9.0,6.0,6.0,6.0
10000983,10000083,9.0,5.0,8.0,9.0,6.0,7.0
10000984,10000084,9.0,5.0,9.0,7.0,7.0,6.0
10000985,10000085,7.0,5.0,8.0,7.0,8.0,6.0
10000986,10000086,8.0,4.0,8.0,8.0,8.0,5.0
10000987,10000087,6.0,7.0,7.0,7.0,6.0,5.0
10000988,10000088,5.0,5.0,6.0,7.0,7.0,7.0
10000989,10000089,8.0,4.0,9.0,9.0,7.0,8.0
10000990,10000090,6.0,5.0,9.0,5.0,8.0,6.0
10000991,10000091,6.0,5.0,8.0,7.0,6.0,7.0
10000992,10000092,6.0,5.0,7.0,6.0,6.0,5.0
10000993,10000093,6.0,4.0,7.0,7.0,8.0,6.0
10000994,10000094,5.0,4.0,6.0,7.0,6.0,7.0
10000995,10000095,7.0,6.0,8.0,8.0,8.0,7.0
10000996,10000096,7.0,3.0,7.0,7.0,9.0,7.0
10000997,10000097,6.0,6.0,7.0,7.0,6.0,6.0
10000998,10000098,7.0,5.0,8.0,9.0,5.0,7.0
10000999,10000099,8.0,5.0,9.0,8.0,6.0,7.0
10001000,10000000,6.0,6.0,7.0,7.0,7.0,9.0
10001001,10000001,6.0,5.0,9.0,5.0,8.0,7.0
10001002,10000002,6.0,4.0,5.0,6.0,7.0,7.0
10001003,10000003,6.0,7.0,9.0,7.0,7.0,5.0
10001004,10000004,7.0,5.0,7.0,7.0,7.0,8.0
10001005,10000005,7.0,3.0,9.0,6.0,9.0,6.0
10001006,10000006,6.0,5.0,9.0,8.0,8.0,8.0
10001007,10000007,6.0,5.0,9.0,7.0,7.0,7.0
10001008,10000008,7.0,5.0,7.0,7.0,6.0,8.0
10001009,10000009,8.0,6.0,9.0,7.0,7.0,8.0
10001010,10000010,7.0,5.0,9.0,7.0,8.0,7.0
10001011,10000011,7.0,5.0,9.0,7.0,6.0,8.0
10001012,10000012,8.0,6.0,7.0,7.0,8.0,7.0
10001013,10000013,8.0,4.0,7.0,6.0,9.0,9.0
10001014,10000014,7.0,6.0,7.0,9.0,9.0,6.0
10001015,10000015,8.0,5.0,9.0,7.0,7.0,6.0
10001016,10000016,6.0,6.0,8.0,6.0,6.0,11.0
10001017,10000017,9.0,3.0,9.0,7.0,8.0,6.0
10001018,10000018,7.0,5.0,7.0,5.0,7.0,8.0
10001019,10000019,7.0,6.0,8.0,7.0,7.0,6.0
10001020,10000020,8.0,3.0,9.0,6.0,7.0,6.0
10001021,10000021,6.0,4.0,8.0,6.0,9.0,7.0
10001022,10000022,7.0,7.0,8.0,5.0,9.0,7.0
10001023,10000023,8.0,5.0,8.0,7.0,8.0,7.0
10001024,10000024,6.0,5.0,10.0,8.0,7.0,5.0
10001025,10000025,7.0,4.0,10.0,8.0,8.0,7.0
10001026,10000026,7.0,6.0,10.0,7.0,7.0,7.0
10001027,10000027,8.0,6.0,7.0,8.0,7.0,8.0
10001028,10000028,5.0,4.0,6.0,6.0,8.0,8.0
10001029,10000029,6.0,4.0,8.0,7.0,8.0,5.0
10001030,10000030,9.0,5.0,6.0,7.0,6.0,8.0
10001031,10000031,8.0,4.0,7.0,7.0,6.0,7.0
10001032,10000032,6.0,5.0,9.0,5.0,8.0,5.0
10001033,10000033,6.0,5.0,10.0,8.0,8.0,5.0
10001034,10000034,7.0,4.0,8.0,6.0,6.0,8.0
10001035,10000035,8.0,5.0,9.0,6.0,7.0,7.0
10001036,10000036,8.0,5.0,8.0,8.0,7.0,6.0
10001037,10000037,6.0,5.0,9.0,6.0,6.0,5.0
10001038,10000038,7.0,5.0,9.0,6.0,6.0,6.0
10001039,10000039,4.0,5.0,7.0,5.0,8.0,6.0
10001040,10000040,9.0,4.0,8.0,5.0,7.0,7.0
10001041,10000041,6.0,3.0,5.0,8.0,6.0,5.0
10001042,10000042,8.0,6.0,7.0,9.0,8.0,8.0
10001043,10000043,5.0,5.0,9.0,8.0,6.0,6.0
10001044,10000044,7.0,4.0,9.0,8.0,6.0,6.0
10001045,10000045,6.0,5.0,8.0,7.0,7.0,6.0
10001046,10000046,8.0,6.0,9.0,9.0,9.0,7.0
10001047,10000047,7.0,4.0,6.0,7.0,7.0,8.0
10001048,10000048,7.0,5.0,8.0,9.0,6.0,7.0
10001049,10000049,7.0,6.0,7.0,6.0,7.0,5.0
10001050,10000050,7.0,4.0,8.0,7.0,6.0,7.0
10001051,10000051,6.0,4.0,8.0,5.0,8.0,6.0
10001052,10000052,6.0,6.0,8.0,9.0,6.0,7.0
10001053,10000053,5.0,4.0,7.0,8.0,9.0,6.0
10001054,10000054,8.0,4.0,10.0,8.0,5.0,7.0
10001055,10000055,7.0,6.0,7.0,5.0,7.0,6.0
10001056,10000056,6.0,7.0,8.0,8.0,7.0,9.0
10001057,10000057,6.0,4.0,10.0,6.0,6.0,9.0
10001058,10000058,7.0,5.0,8.0,7.0,6.0,6.0
10001059,10000059,7.0,5.0,9.0,6.0,6.0,7.0
10001060,10000060,8.0,4.0,7.0,9.0,6.0,8.0
10001061,10000061,6.0,5.0,8.0,8.0,5.0,8.0
10001062,10000062,7.0,6.0,10.0,7.0,8.0,8.0
10001063,10000063,7.0,4.0,8.0,7.0,6.0,7.0
10001064,10000064,8.0,5.0,9.0,5.0,7.0,6.0
10001065,10000065,8.0,3.0,8.0,5.0,6.0,8.0
10001066,10000066,6.0,5.0,7.0,6.0,8.0,7.0
10001067,10000067,6.0,5.0,7.0,8.0,8.0,5.0
10001068,10000068,6.0,5.0,9.0,6.0,8.0,7.0
10001069,10000069,5.0,6.0,7.0,7.0,8.0,5.0
10001070,10000070,7.0,4.0,7.0,6.0,6.0,6.0
10001071,10000071,9.0,6.0,9.0,7.0,5.0,5.0
10001072,10000072,7.0,5.0,8.0,7.0,7.0,8.0
10001073,10000073,7.0,4.0,9.0,6.0,8.0,7.0
10001074,10000074,7.0,6.0,7.0,9.0,8.0,6.0
10001075,10000075,7.0,5.0,9.0,7.0,5.0,8.0
10001076,10000076,7.0,7.0,7.0,7.0,7.0,7.0
10001077,10000077,8.0,8.0,8.0,9.0,7.0,5.0
10001078,10000078,8.0,4.0,7.0,7.0,7.0,8.0
10001079,10000079,7.0,4.0,8.0,7.0,7.0,7.0
10001080,10000080,9.0,5.0,6.0,8.0,6.0,8.0
10001081,10000081,8.0,5.0,8.0,7.0,7.0,6.0
10001082,10000082,6.0,5.0,8.0,7.0,7.0,8.0
10001083,10000083,9.0,7.0,8.0,6.0,8.0,7.0
10001084,10000084,8.0,5.0,7.0,7.0,7.0,8.0
10001085,10000085,8.0,5.0,8.0,6.0,8.0,7.0
10001086,10000086,8.0,4.0,6.0,7.0,5.0,6.0
10001087,10000087,7.0,5.0,7.0,7.0,7.0,6.0
10001088,10000088,7.0,4.0,9.0,9.0,6.0,9.0
10001089,10000089,8.0,4.0,7.0,7.0,7.0,6.0
10001090,10000090,7.0,5.0,8.0,6.0,8.0,9.0
10001091,10000091,7.0,5.0,9.0,6.0,7.0,7.0
10001092,10000092,6.0,4.0,10.0,7.0,8.0,7.0
10001093,10000093,7.0,4.0,8.0,7.0,6.0,5.0
10001094,10000094,8.0,3.0,7.0,8.0,9.0,7.0
10001095,10000095,5.0,3.0,7.0,7.0,7.0,8.0
10001096,10000096,7.0,5.0,8.0,7.0,8.0,6.0
10001097,10000097,6.0,4.0,8.0,8.0,7.0,11.0
10001098,10000098,7.0,6.0,7.0,7.0,8.0,6.0
10001099,10000099,8.0,5.0,8.0,7.0,8.0,9.0
10001100,10000000,4.0,5.0,9.0,6.0,6.0,7.0
10001101,10000001,6.0,4.0,6.0,7.0,7.0,9.0
10001102,10000002,7.0,4.0,7.0,8.0,7.0,6.0
10001103,10000003,7.0,6.0,10.0,7.0,6.0,6.0
10001104,10000004,8.0,4.0,9.0,7.0,6.0,7.0
10001105,10000005,7.0,4.0,8.0,8.0,8.0,7.0
10001106,10000006,6.0,6.0,9.0,7.0,5.0,8.0
10001107,10000007,7.0,4.0,8.0,7.0,6.0,7.0
10001108,10000008,6.0,6.0,9.0,8.0,6.0,4.0
10001109,10000009,8.0,5.0,10.0,6.0,8.0,5.0
10001110,10000010,8.0,6.0,7.0,8.0,5.0,7.0
10001111,10000011,6.0,5.0,9.0,6.0,7.0,7.0
10001112,10000012,7.0,6.0,10.0,8.0,7.0,8.0
10001113,10000013,7.0,4.0,9.0,6.0,7.0,8.0
10001114,10000014,8.0,4.0,9.0,9.0,7.0,8.0
10001115,10000015,7.0,5.0,8.0,4.0,7.0,7.0
10001116,10000016,6.0,4.0,6.0,9.0,7.0,7.0
10001117,10000017,6.0,1.0,9.0,5.0,6.0,7.0
10001118,10000018,8.0,4.0,9.0,6.0,8.0,8.0
10001119,10000019,7.0,6.0,8.0,7.0,8.0,7.0
10001120,10000020,7.0,4.0,8.0,7.0,7.0,7.0
10001121,10000021,8.0,3.0,9.0,8.0,8.0,8.0
10001122,10000022,7.0,7.0,8.0,8.0,9.0,8.0
10001123,10000023,7.0,6.0,8.0,4.0,6.0,6.0
10001124,10000024,7.0,4.0,9.0,8.0,7.0,6.0
10001125,10000025,6.0,6.0,8.0,8.0,7.0,9.0
10001126,10000026,6.0,6.0,7.0,6.0,6.0,7.0
10001127,10000027,7.0,6.0,6.0,8.0,7.0,7.0
10001128,10000028,6.0,6.0,8.0,8.0,9.0,8.0
10001129,10000029,5.0,6.0,8.0,7.0,6.0,7.0
10001130,10000030,10.0,3.0,8.0,5.0,8.0,7.0
10001131,10000031,6.0,6.0,8.0,6.0,7.0,8.0
10001132,10000032,7.0,4.0,7.0,7.0,7.0,8.0
10001133,10000033,8.0,5.0,10.0,7.0,7.0,7.0
10001134,10000034,6.0,6.0,8.0,7.0,6.0,6.0
10001135,10000035,7.0,6.0,8.0,7.0,8.0,7.0
10001136,10000036,8.0,4.0,9.0,6.0,6.0,5.0
10001137,10000037,7.0,7.0,9.0,7.0,8.0,8.0
10001138,10000038,6.0,4.0,9.0,6.0,7.0,7.0
10001139,10000039,5.0,6.0,8.0,7.0,6.0,4.0
10001140,10000040,5.0,5.0,7.0,7.0,5.0,6.0
10001141,10000041,8.0,5.0,7.0,7.0,7.0,10.0
10001142,10000042,7.0,4.0,7.0,8.0,6.0,6.0
10001143,10000043,9.0,4.0,8.0,9.0,7.0,7.0
10001144,10000044,7.0,3.0,6.0,6.0,7.0,7.0
10001145,10000045,7.0,3.0,6.0,6.0,8.0,5.0
10001146,10000046,8.0,4.0,9.0,6.0,10.0,7.0
10001147,10000047,6.0,5.0,8.0,7.0,6.0,8.0
10001148,10000048,7.0,4.0,8.0,7.0,7.0,6.0
10001149,10000049,6.0,6.0,8.0,8.0,7.0,8.0
10001150,10000050,8.0,6.0,9.0,6.0,6.0,6.0
10001151,10000051,6.0,6.0,7.0,9.0,8.0,8.0
10001152,10000052,6.0,6.0,8.0,7.0,8.0,7.0
10001153,10000053,8.0,5.0,8.0,7.0,8.0,8.0
10001154,10000054,7.0,6.0,8.0,6.0,7.0,7.0
10001155,10000055,6.0,6.0,8.0,8.0,7.0,6.0
10001156,10000056,7.0,6.0,8.0,6.0,5.0,5.0
10001157,10000057,8.0,5.0,8.0,6.0,7.0,8.0
10001158,10000058,5.0,5.0,8.0,8.0,6.0,7.0
10001159,10000059,8.0,3.0,8.0,5.0,6.0,6.0
10001160,10000060,7.0,4.0,8.0,7.0,7.0,6.0
10001161,10000061,6.0,4.0,7.0,8.0,7.0,7.0
10001162,10000062,5.0,6.0,8.0,6.0,6.0,8.0
10001163,10000063,6.0,3.0,8.0,7.0,7.0,7.0
10001164,10000064,7.0,6.0,5.0,9.0,8.0,6.0
10001165,10000065,6.0,4.0,10.0,8.0,9.0,9.0
10001166,10000066,7.0,6.0,8.0,7.0,6.0,5.0
10001167,10000067,6.0,5.0,8.0,6.0,8.0,6.0
10001168,10000068,7.0,6.0,9.0,6.0,7.0,8.0
10001169,10000069,7.0,6.0,6.0,6.0,7.0,7.0
10001170,10000070,5.0,5.0,8.0,6.0,7.0,7.0
10001171,10000071,6.0,6.0,9.0,6.0,7.0,9.0
10001172,10000072,8.0,6.0,7.0,7.0,6.0,8.0
10001173,10000073,8.0,6.0,8.0,6.0,7.0,8.0
10001174,10000074,7.0,4.0,8.0,5.0,8.0,6.0
10001175,10000075,9.0,5.0,8.0,6.0,6.0,7.0
10001176,10000076,7.0,5.0,8.0,7.0,8.0,7.0
10001177,10000077,8.0,5.0,7.0,5.0,7.0,6.0
10001178,10000078,8.0,4.0,8.0,8.0,6.0,8.0
10001179,10000079,7.0,3.0,10.0,7.0,5.0,6.0
10001180,10000080,6.0,6.0,9.0,7.0,8.0,8.0
10001181,10000081,6.0,4.0,9.0,7.0,8.0,7.0
10001182,10000082,6.0,5.0,9.0,6.0,8.0,6.0
10001183,10000083,7.0,5.0,8.0,7.0,6.0,6.0
10001184,10000084,8.0,4.0,9.0,6.0,4.0,8.0
10001185,10000085,7.0,5.0,6.0,8.0,8.0,8.0
10001186,10000086,6.0,6.0,8.0,6.0,8.0,7.0
10001187,10000087,9.0,4.0,8.0,7.0,9.0,9.0
10001188,10000088,6.0,5.0,7.0,8.0,9.0,7.0
10001189,10000089,6.0,6.0,7.0,6.0,6.0,6.0
10001190,10000090,8.0,6.0,10.0,5.0,6.0,8.0
10001191,10000091,7.0,8.0,7.0,8.0,6.0,7.0
10001192,10000092,8.0,5.0,7.0,8.0,6.0,7.0
10001193,10000093,6.0,5.0,8.0,7.0,8.0,6.0
10001194,10000094,7.0,3.0,9.0,7.0,8.0,7.0
10001195,10000095,8.0,4.0,7.0,7.0,6.0,7.0
10001196,10000096,6.0,6.0,7.0,6.0,8.0,7.0
10001197,10000097,8.0,4.0,7.0,6.0,6.0,7.0
10001198,10000098,8.0,6.0,7.0,8.0,8.0,7.0
10001199,10000099,6.0,5.0,9.0,7.0,7.0,5.0
